id;first_name_tenant_super_admin;last_name_tenant_super_admin;user_name_tenant_super_admin;email_tenant_super_admin;password_tenant_super_admin
1;Internal payment;invoice systems;Executive program Human;mobile Handmade transition;Licensed Soft Towels SDD
2;Consultant 24 hour Rwanda;transmitting monitoring Chips;Tasty green Paradigm;Cyprus Brand redundant;Orchestrator Quality next-generation
3;Plain Personal Loan Account;Future Auto Loan Account Syrian Pound;exuding;hack;payment access Marketing
4;digital;Berkshire;parsing Ohio Research;Gorgeous Rubber Table National;Generic Handmade iterate
5;calculating redundant;Shoes Mountains Directives;target Uruguay;Metal Louisiana sky blue;navigate viral
6;invoice niches Parks;capacity synthesizing;Buckinghamshire Motorway;Throughway program;bypass
7;firewall Unbranded Concrete Car;Beauty hack Technician;yellow firewall Books;black CSS Inverse;deposit frame
8;Optimization;collaboration tan end-to-end;Functionality Customer fuchsia;sensor Bedfordshire;Bangladesh
9;customer loyalty Salad;Cambridgeshire bypassing white;Licensed Corporate Universal;vertical;innovative XML Handcrafted
10;bandwidth;FTP matrix user-centric;Kenya;Ergonomic protocol;Total Gorgeous Fresh Pants Home
