id;first_name_tenant_user;last_name_tenant_user;user_name_tenant_user;email_tenant_user;password_tenant_user
1;invoice Handcrafted;Global;Response Down-sized;Frozen Bedfordshire;Versatile
2;Cotton;overriding auxiliary;Corporate;Internal withdrawal Accounts;metrics
3;Isle Generic Granite Bacon Rwanda;virtual;Money Market Account Liaison Usability;Chicken Field;blue disintermediate
4;copying;reboot;Intelligent array;Producer Borders;hard drive
5;Kids parsing extend;Public-key;back-end;Track Multi-layered;Associate
6;transmitting;contingency modular;Customizable;copying bus Yuan Renminbi;SDD Utah
7;Outdoors;Paradigm;web-enabled Fully-configurable XML;Refined Rubber Sausages Cambodia;SCSI Palladium
8;bluetooth action-items;Gloves Ports;architectures Factors Licensed;blue mobile Checking Account;HDD channels
9;Research Lesotho;JSON HDD;JSON bypass;Steel synthesize;Producer magenta copy
10;hub Brand Senior;Berkshire;partnerships Metal;Tasty violet stable;Chips Total
